id,y_true,y_preds
chr13_102813172_102814819_AAAGAAGAAG_1,1.0,0.9890532
chr13_49033344_49034595_AAAGGAAG_1,1.0,0.96062326
chr13_102813172_102814819_AAGAAGGAG_1,1.0,0.95205456
chr13_102813172_102814819_AAAGAAG_1,1.0,0.95077425
chr13_50836412_50837952_AAAGGAAG_1,1.0,0.9427648
chr13_109405774_109407229_AAGCTGTAGCATGCAGGAC_1,0.0,0.9349055
chr13_102813172_102814819_AAGAAGCAG_1,1.0,0.9226675
chr13_36050029_36050910_AGC_1,1.0,0.90780115
chr13_21780269_21781733_ACACATACGTATACACATAT_1,0.0,0.90046495
chr13_102813172_102814819_AAGAAGG_1,1.0,0.88785607
chr13_79232487_79234150_AAAG_1,0.0,0.87344646
chr13_114578174_114580385_ACACCCACACCTCGGCG_1,1.0,0.862017
chr13_114795217_114796756_AAGGCTCACACAGAGGGC_1,1.0,0.8590304
chr13_49033344_49034595_AAAGG_1,1.0,0.85095537
chr13_44715533_44717151_AGCCG_1,0.0,0.8471226
chr13_114578174_114580385_ACACCCACACCGCAGCG_1,1.0,0.83418703
chr13_102813172_102814819_AAGCAG_1,1.0,0.8140624
chr13_114151050_114152390_ACACAGCTGCAGGTCTC_1,0.0,0.81332487
chr13_114881778_114883650_ACACACGTGCACCCCTC_1,0.0,0.8067552
chr13_114578174_114580385_ACACCCACACCTCAGCG_1,1.0,0.80671054
chr13_114578174_114580385_ACACCACAGTGACACCC_1,1.0,0.80491674
chr13_102813172_102814819_AAGAGGAGG_1,1.0,0.8012646
chr13_114578174_114580385_ACACCCACGCCACAGCG_1,1.0,0.79768234
chr13_41020034_41021706_AAAG_1,0.0,0.7933779
chr13_114578174_114580385_ACACCACGGCGACACCC_1,1.0,0.7829078
chr13_21839399_21840427_AAAGAAAGG_1,1.0,0.78198636
chr13_49033344_49034595_AAAAG_1,1.0,0.77727115
chr13_49033344_49034595_AAGAG_1,1.0,0.7725016
chr13_114578174_114580385_ACACCACAGCGACACCC_1,1.0,0.7702108
chr13_21839399_21840427_AAAGAAGG_1,1.0,0.7697007
chr13_114578174_114580385_ACACCCACGCCGCAGCG_1,1.0,0.76430845
chr13_21839399_21840427_AAAGGAAG_1,1.0,0.7610344
chr13_113760937_113763907_ACACCCACACCCCCGGG_1,0.0,0.736597
chr13_114578174_114580385_ACACCACAGAGACACCC_1,1.0,0.7311149
chr13_113760937_113763907_ACACCCACACTCCCGGG_1,0.0,0.7294874
chr13_80993444_80994300_AAGAGAAGGG_1,1.0,0.7282704
chr13_113760937_113763907_ACACACCCGGGACACCC_1,0.0,0.7055771
chr13_114578174_114580385_ACACCCACACCTCAGTG_1,1.0,0.7036214
chr13_44453996_44454234_CCCCG_1,0.0,0.65551734
chr13_27960039_27960900_AAAAT_1,0.0,0.64768046
chr13_114270928_114272363_ACCTGCAGAGCCGCTC_1,0.0,0.63905376
chr13_102334063_102334064_ACCACCCCTGGCTCC_1,0.0,0.62160265
chr13_113410639_113411601_AGCAGGCCCCGCGCTGGG_1,0.0,0.6190848
chr13_114795217_114796756_AAGACTCACACAGAGGGC_1,1.0,0.5848054
chr13_102813172_102814819_AAGGAG_1,1.0,0.571197
chr13_102813172_102814819_AAGAGG_1,1.0,0.5688075
chr13_94091484_94092187_AAAAT_1,0.0,0.5662974
chr13_44043771_44044792_ACGTATATATAT_1,1.0,0.55912894
chr13_29962897_29964027_ACACACGTGTATACATACAT_1,1.0,0.55295146
chr13_27133229_27134467_AAGG_1,1.0,0.538496
chr13_85924364_85925986_AAGAGG_1,1.0,0.53141236
chr13_99466825_99467265_AAAAT_1,1.0,0.52906835
chr13_113201412_113202194_AAAGACGTGCATGGG_1,0.0,0.5290192
chr13_114124455_114126218_AACTCCACAGGGGACCC_1,0.0,0.5215923
chr13_73760424_73761598_ACACACGTGTATAT_1,1.0,0.5113833
chr13_60330657_60331400_AAGG_1,0.0,0.5071852
chr13_32463319_32464043_ACGTATATAT_1,0.0,0.50207174
chr13_108541030_108541031_ACACACATATCTATATGT_1,0.0,0.500584
chr13_113760937_113763907_ACACCCACGCCCCCGGG_1,0.0,0.49481824
chr13_84635363_84635428_AATAG_1,0.0,0.49296552
chr13_38370622_38371590_AAAAT_1,1.0,0.48801342
chr13_95648764_95649760_ACCTCCACCTCCCTCTCC_1,1.0,0.48795992
chr13_46060329_46060634_ACGGGAG_1,1.0,0.48013398
chr13_58077346_58078477_AATATATATATAATGG_1,0.0,0.4691988
chr13_76892326_76893790_ATATATC_1,0.0,0.46275657
chr13_28413013_28414147_AAAAT_1,0.0,0.46030986
chr13_32463319_32464043_ACGTATATATAT_1,0.0,0.45987463
chr13_93582069_93583621_AATATATATATATCTGG_1,1.0,0.4585986
chr13_93582069_93583621_AAATATATTCCAGATAT_1,1.0,0.44643778
chr13_73760424_73761598_ACACACACATACACGTGTAT_1,1.0,0.44357798
chr13_113686661_113688316_ACGGGGGCCACTCACGTC_1,0.0,0.43743378
chr13_114025012_114026112_AGGAGGAGGGAGGGGCCTC_1,1.0,0.43441665
chr13_112091897_112093483_AGCTCCCCCTGC_1,0.0,0.43374008
chr13_73681967_73683086_AATATCTATATAG_1,1.0,0.4326226
chr13_29047121_29048319_AAAG_1,0.0,0.4272373
chr13_81156823_81157918_AATATATATATGATGG_1,1.0,0.4268107
chr13_49033344_49034595_AAAG_1,1.0,0.4250647
chr13_49891837_49893464_AAAAG_1,1.0,0.4249146
chr13_20459290_20460742_ACACACATATATGTGTAT_1,1.0,0.42407462
chr13_20459290_20460742_ACACACATATATGTATAT_1,1.0,0.4222637
chr13_20459290_20460742_ACACACATATGTGTATAT_1,1.0,0.42222196
chr13_72308893_72310460_ACACGTATACGGGATAT_1,0.0,0.42217165
chr13_21863352_21865391_AATACTGATATGACACCCAC_1,0.0,0.41995367
chr13_20459290_20460742_ACACATATATATGTGTAT_1,1.0,0.41971254
chr13_20459290_20460742_ACACATATATGTGTATAT_1,1.0,0.4179048
chr13_79232487_79234150_AAGG_1,0.0,0.417428
chr13_20459290_20460742_ACACATATATATGTATAT_1,1.0,0.4137647
chr13_102080519_102080520_AAAAT_1,0.0,0.41360894
chr13_99125524_99125999_AAGGAAGGAGGGAGGGAGGG_1,0.0,0.41163737
chr13_110907838_110908879_AAGGCGGGAAGGGAGGGGG_1,0.0,0.40798035
chr13_73782234_73783555_AATATATATATAG_1,0.0,0.40779456
chr13_49634889_49635441_AAGGG_1,0.0,0.40660998
chr13_112091897_112093483_AAGCTGCAGGGG_1,0.0,0.4064211
chr13_114124455_114126218_AACTCCACAGAGGACCC_1,0.0,0.4047394
chr13_113686661_113688316_ACGCCACGGGGGCCACTC_1,0.0,0.40468845
chr13_73782234_73783555_AATATATATATATAG_1,0.0,0.39951512
chr13_33330695_33330800_ACGGGAGAGGGAGAGGGAG_1,0.0,0.39757544
chr13_114124455_114126218_AACTCCACAGGAGACCC_1,0.0,0.39385802
chr13_113547687_113548459_AGCTAGGGCGATCCC_1,0.0,0.3934778
chr13_21839399_21840427_AAAAG_1,1.0,0.39309224
chr13_75840376_75840377_AAAAT_1,0.0,0.38866717
chr13_112846073_112847666_AAAGGATGCCGTCACAG_1,0.0,0.38544416
chr13_114124455_114126218_AACTCCACAGCGGACCC_1,0.0,0.38252336
chr13_61174627_61175668_AGAGGCAGG_1,0.0,0.38204348
chr13_72227587_72229598_AAAAT_1,0.0,0.381059
chr13_73782234_73783555_AATATATATAG_1,0.0,0.37975216
chr13_20459290_20460742_ACACACATATGTGTGTAT_1,1.0,0.37895727
chr13_34355570_34355571_AAG_1,0.0,0.37799796
chr13_113299066_113300529_ACGGCGAGG_1,0.0,0.376506
chr13_100597468_100598415_AAAAT_1,1.0,0.3739594
chr13_20459290_20460742_ACACACATATATGTGTGT_1,1.0,0.3680659
chr13_113686661_113688316_ACACGGGGGCCACTCACG_1,0.0,0.36719912
chr13_110000105_110000736_AAAAG_1,0.0,0.36113182
chr13_20476640_20476641_AAAATCATGCATGATATTAC_1,0.0,0.3592647
chr13_38902873_38903954_AACTATATATAT_1,0.0,0.35741845
chr13_114578174_114580385_ACACCACAGGGACACCC_1,1.0,0.35614446
chr13_55353152_55353153_AACGCGCAGCCACCAGAC_1,0.0,0.3511824
chr13_100128463_100130409_ACACACACGCACACAT_1,0.0,0.35011494
chr13_56632657_56633748_AATATATATATATATATAGG_1,0.0,0.34972042
chr13_113378013_113378258_AAGGGGGCG_1,0.0,0.33706972
chr13_96046937_96047971_AAAGG_1,1.0,0.33384466
chr13_114025012_114026112_AGGAGGAGGGAGGGGGCCTC_1,1.0,0.3335892
chr13_21863352_21865391_AATACAGATATGACACCCAC_1,0.0,0.33073762
chr13_110034491_110035477_ACACATATATATAT_1,0.0,0.3302421
chr13_25311367_25311806_AAAATATATATATTATATAT_1,1.0,0.32976577
chr13_24980063_24980929_AAAAT_1,0.0,0.32714963
chr13_64157215_64157216_ACTCATATATAT_1,0.0,0.3266703
chr13_40558394_40559368_AAAAT_1,0.0,0.32392076
chr13_90370223_90371606_AAAAT_1,0.0,0.32220504
chr13_113299066_113300529_AGGG_1,0.0,0.32215872
chr13_90556151_90557152_AAAAT_1,0.0,0.31944415
chr13_100114579_100116336_ACCCACCCATCC_1,0.0,0.31630337
chr13_74834106_74835502_AAAAT_1,1.0,0.31076533
chr13_49891837_49893464_AAGAG_1,1.0,0.30929482
chr13_27931697_27932825_AAGGG_1,0.0,0.30894235
chr13_54001998_54002834_AAAAT_1,0.0,0.30880913
chr13_101104088_101104928_AGAGAGAGGGGGAGG_1,1.0,0.308075
chr13_111491051_111491350_AGAGG_1,0.0,0.30700552
chr13_114211355_114212536_AGAGAGGG_1,1.0,0.30633676
chr13_114776213_114777758_ACGCGGCCCCCTCCTCCCC_1,0.0,0.3042025
chr13_62708741_62708971_AAAAT_1,0.0,0.3041192
chr13_27133229_27134467_AAAG_1,1.0,0.30315906
chr13_63775306_63776087_AAAAT_1,0.0,0.30274785
chr13_41581440_41581758_ACGGGAGAGGGAGAGGGAG_1,0.0,0.30216995
chr13_106454711_106455719_ACTATATAT_1,1.0,0.30193374
chr13_27046949_27047997_AAG_1,1.0,0.29991335
chr13_69597083_69597084_AAAAT_1,0.0,0.2994498
chr13_77850109_77850110_AAAAT_1,0.0,0.29706112
chr13_95896253_95897357_AAGG_1,1.0,0.29676247
chr13_28572343_28573054_AAATATATGTTATATATAT_1,0.0,0.29642877
chr13_85924364_85925986_AAG_1,1.0,0.2860279
chr13_47158143_47158489_AGAGGG_1,0.0,0.28472406
chr13_70712854_70714084_AGCGGC_1,1.0,0.284148
chr13_113983599_113986582_ACACACCTGGGATCCCATGC_1,0.0,0.28350458
chr13_114124455_114126218_AACTCCACAGTGGACCC_1,0.0,0.28263468
chr13_50836412_50837952_AG_1,1.0,0.28114718
chr13_74530545_74531714_AAAGG_1,1.0,0.27830836
chr13_23253175_23254148_ACCACCACCCCCATC_1,0.0,0.27811545
chr13_29962897_29964027_ACACACACACGTGTATACAT_1,1.0,0.2775225
chr13_114795217_114796756_AAGACTCACACAGAGAGC_1,1.0,0.27740216
chr13_112846073_112847666_AAAGGATACCGTCACAG_1,0.0,0.2769291
chr13_36981525_36983090_AAG_1,0.0,0.27589273
chr13_96956462_96957263_AAAG_1,1.0,0.27532363
chr13_114094190_114094191_AGG_1,0.0,0.27447084
chr13_102840678_102841677_AAAG_1,0.0,0.27152747
chr13_51440084_51440085_AGG_1,0.0,0.2712211
chr13_80083825_80084092_AG_1,0.0,0.26918715
chr13_100114579_100116336_ACCCATCCATCC_1,0.0,0.26893967
chr13_113369137_113369914_ACACCTGGCCCACCTCCCC_1,0.0,0.26718396
chr13_57507361_57508591_ACTATAGTATAT_1,0.0,0.2669595
chr13_114776213_114777758_ACGCGGCCCCCCCCTCCCC_1,0.0,0.26593643
chr13_72308893_72310460_ACACGTATATGGGATAT_1,0.0,0.26574343
chr13_57507361_57508591_ACTATACTATAT_1,0.0,0.26460904
chr13_87712541_87712542_AAAAT_1,0.0,0.26176518
chr13_104595165_104596132_AATAGGATATATATATGTAT_1,1.0,0.26176503
chr13_52697974_52698582_ACGGGAGAGGGAGGGGGAG_1,0.0,0.26165694
chr13_114776213_114777758_CCCCCCCCCCCCCCCGCCG_1,0.0,0.2614185
chr13_49891837_49893464_AAAGGG_1,1.0,0.2564399
chr13_78540256_78540257_AAG_1,0.0,0.25641653
chr13_40704580_40704585_AAG_1,0.0,0.25590757
chr13_113173479_113173665_ACGGGAGAGGGAGAGGGAG_1,1.0,0.2555088
chr13_52697974_52698582_ACGGGAGAGGGAGAGGGAG_1,0.0,0.251507
chr13_39428756_39428908_ACGGGAGAGGGAGAGGGAG_1,0.0,0.2510958
chr13_94162698_94163737_ACATATATATATAT_1,0.0,0.24931233
chr13_73476168_73476174_ACACACACCACCCTCC_1,0.0,0.24620575
chr13_29160637_29162332_AAG_1,0.0,0.24484679
chr13_87580691_87580692_ACACCCTCCATCCATCCC_1,0.0,0.24428476
chr13_29026412_29027768_AAAGG_1,1.0,0.24426433
chr13_87406028_87407083_AATATATATATATATAGCGG_1,1.0,0.24290478
chr13_48684984_48685397_AT_1,0.0,0.24254474
chr13_114025012_114026112_ACCCCCTCCCTCCTCCTGAG_1,1.0,0.24159908
chr13_114578174_114580385_ACACCCACACCCCAGCG_1,1.0,0.23864529
chr13_34101867_34102672_AT_1,0.0,0.23863377
chr13_114515232_114516547_ACCCACCCGGGGCCCGTG_1,1.0,0.23857467
chr13_40135885_40137070_ACATATAT_1,0.0,0.23803271
chr13_99600844_99601086_ACGGGAGAGGGAGAGGGAG_1,1.0,0.23731004
chr13_74993131_74993880_AAGG_1,0.0,0.23576707
chr13_44932215_44932520_AAGG_1,0.0,0.23453781
chr13_101104088_101104928_AGAGAGAGGGAGAGG_1,1.0,0.23307568
chr13_113983599_113986582_AAACCCGGGTGTGTGCATGG_1,0.0,0.23044862
chr13_98849983_98851134_AGCAGGGAGGGGGGGCGG_1,0.0,0.22740968
chr13_41368301_41368302_AAG_1,0.0,0.22622548
chr13_41020034_41021706_AG_1,0.0,0.22331299
chr13_52681272_52681584_ACGGGAGAGGGAGAGGGAG_1,0.0,0.222733
chr13_113983599_113986582_AAACCCAGGTGTGTGCATGG_1,0.0,0.22207886
chr13_95848243_95849672_AAGG_1,0.0,0.21874216
chr13_102813172_102814819_AGG_1,1.0,0.21856315
chr13_99125524_99125999_AGGG_1,0.0,0.21672921
chr13_102813172_102814819_AAG_1,1.0,0.21641292
chr13_88636803_88636804_ACCCGCCCATCCCACCGCAG_1,0.0,0.21631263
chr13_113983599_113986582_ACACACCTGGGCTACCATGC_1,0.0,0.2147221
chr13_98849983_98851134_AGCAGGGAGGGGGAGCGG_1,0.0,0.21350235
chr13_36971359_36972537_AAAG_1,0.0,0.21288735
chr13_84433676_84435284_AAAG_1,0.0,0.21250075
chr13_112559095_112559700_AAGGGGGCGGGGACGCGG_1,0.0,0.21147151
chr13_113760937_113763907_ACACCCACCCCCCCGGG_1,0.0,0.21010111
chr13_42627039_42628204_AACTATATATGTATATATAT_1,0.0,0.20982385
chr13_72308893_72310460_ACACGTATATCCCATAT_1,0.0,0.20819215
chr13_95896253_95897357_AAAG_1,1.0,0.20771565
chr13_55135059_55135060_AAG_1,0.0,0.20689501
chr13_51862134_51863158_AGG_1,0.0,0.20546475
chr13_56274191_56275490_AAG_1,0.0,0.20525476
chr13_97767632_97768469_AAAG_1,0.0,0.20515531
chr13_81017685_81017686_AGG_1,0.0,0.20431949
chr13_19180899_19181106_AAG_1,0.0,0.20423377
chr13_21793231_21793422_AAAG_1,0.0,0.20171277
chr13_87173538_87173539_AATCTGTATATATATATAT_1,0.0,0.2016634
chr13_21839399_21840427_AAGG_1,1.0,0.20150433
chr13_113983599_113986582_AAACCCAGGTGCGTGCATGG_1,0.0,0.19959778
chr13_99002469_99003893_AGCCTCGCCTCCCCTGCCC_1,0.0,0.19860163
chr13_90901205_90902856_AAGG_1,0.0,0.19854009
chr13_32333055_32334032_AAAG_1,1.0,0.19839813
chr13_20936072_20937599_ACGCCTGCCC_1,0.0,0.19816735
chr13_79132528_79132843_AAAG_1,0.0,0.19794632
chr13_85827193_85827194_AGCGCGGGAGGCGCAGGC_1,0.0,0.19763842
chr13_20697038_20697577_ACGGGAGAGGGAGAGGGAG_1,0.0,0.19749747
chr13_35406531_35406532_AAATGGTGAGGGGCACTGGG_1,0.0,0.19639587
chr13_113983599_113986582_ACACACCTGGGCTCCCATGC_1,0.0,0.19544034
chr13_93621795_93621796_AAAGGATGAGGG_1,0.0,0.1937037
chr13_36400701_36401133_AAGG_1,0.0,0.1936262
chr13_76237182_76237821_AAAG_1,1.0,0.19201961
chr13_27556574_27557712_AAAG_1,0.0,0.1917867
chr13_90635562_90636362_AAAG_1,0.0,0.1916669
chr13_34073095_34074384_AAG_1,0.0,0.19163184
chr13_30271654_30272175_ACGGGAGAGGGAGAGGGAG_1,1.0,0.1905692
chr13_113227556_113227557_AAG_1,0.0,0.1892988
chr13_68181585_68182144_AATATAT_1,0.0,0.18889368
chr13_114776213_114777758_AGGAGGGGGCCGCGCGGGG_1,0.0,0.18774359
chr13_114515232_114516547_ACCCACCCGGGACCCGTG_1,1.0,0.18757837
chr13_28468100_28468101_AAG_1,0.0,0.18660527
chr13_113377075_113377511_ACCCACCTCCCCCCACCCCC_1,0.0,0.18603452
chr13_50836412_50837952_AAAG_1,1.0,0.18571246
chr13_25283024_25283447_AAAG_1,0.0,0.18552378
chr13_111424310_111424652_ACGGGAGAGGGAGAGGGAG_1,1.0,0.18528983
chr13_25455280_25456884_ACATATATATATAGAT_1,1.0,0.18466096
chr13_114776213_114777758_AGGAGGGGGCCGCGAGGGG_1,0.0,0.18431391
chr13_42780455_42781835_AAAG_1,0.0,0.18260685
chr13_46971630_46972718_AATATGTATATATATACAT_1,1.0,0.18069682
chr13_96909526_96909527_ACATATATATGGT_1,0.0,0.17962283
chr13_25455280_25456884_ACATATAGATGTATCT_1,1.0,0.17933272
chr13_27765295_27765653_ACGGGAGAGGGAGAGGGAG_1,0.0,0.17920783
chr13_44189711_44190395_AT_1,0.0,0.17865492
chr13_81554864_81555896_AAGG_1,0.0,0.17856528
chr13_38454805_38454806_ACAGGCCACCACCAGC_1,0.0,0.1780633
chr13_37832235_37832436_ACGGGAGAGGGAGAGGGAG_1,0.0,0.17690542
chr13_41871593_41871594_AACCTCCTCCTCACTGC_1,0.0,0.17661749
chr13_113311015_113312817_AAGGAGGTCCCACCAGG_1,1.0,0.17618312
chr13_94162698_94163737_AT_1,0.0,0.1760073
chr13_111032390_111033798_ACACCCACGGGCTCTATCTC_1,0.0,0.17575105
chr13_79232487_79234150_AG_1,0.0,0.17475566
chr13_85798361_85798755_AAAG_1,0.0,0.17401636
chr13_113983599_113986582_AACCCAGGTGTGTGCATGGG_1,0.0,0.17388041
chr13_50836412_50837952_AAGG_1,1.0,0.17287995
chr13_100686979_100687405_AGGG_1,1.0,0.17220637
chr13_75506978_75507250_ACGGGAGAGGGAGAGGGAG_1,0.0,0.17159207
chr13_50147657_50147658_AAAGG_1,0.0,0.1714452
chr13_65912192_65913547_ACATATATAT_1,1.0,0.16873227
chr13_27987929_27988954_AG_1,0.0,0.16746302
chr13_21863352_21865391_AATACTGATATGACACCCGC_1,0.0,0.1674101
chr13_45786210_45786506_AAAG_1,0.0,0.16684476
chr13_107673747_107674558_AAAG_1,0.0,0.16680901
chr13_34849752_34850002_AAAG_1,0.0,0.16626357
chr13_45270637_45271134_AAAG_1,0.0,0.16613425
chr13_30609817_30611073_AAAG_1,0.0,0.16504288
chr13_97783940_97785131_AG_1,0.0,0.16414128
chr13_107345716_107346044_AAAG_1,0.0,0.16386087
chr13_114778521_114779899_AG_1,0.0,0.16367112
chr13_21051359_21051360_AG_1,0.0,0.1632469
chr13_91291973_91292838_AAAG_1,0.0,0.16310632
chr13_114776213_114777758_AGGAGGGGGCCGCGGGGGG_1,0.0,0.16309917
chr13_55736676_55738014_AAAG_1,0.0,0.16309497
chr13_19813655_19813656_AG_1,0.0,0.16235371
chr13_53907708_53909164_AAAG_1,0.0,0.1618173
chr13_34300443_34300629_AAAG_1,0.0,0.16173843
chr13_39113294_39114437_AAAG_1,1.0,0.1607232
chr13_100711075_100711997_AGGG_1,0.0,0.16072004
chr13_54942452_54942865_AAAG_1,0.0,0.15912141
chr13_35459177_35460762_AAAG_1,0.0,0.15907523
chr13_105130619_105131543_AT_1,0.0,0.15903628
chr13_90507177_90507790_AAAG_1,0.0,0.15883686
chr13_100114579_100116336_ACCC_1,0.0,0.15871558
chr13_30233202_30234699_AAAG_1,0.0,0.15783401
chr13_80731735_80732393_AAAGG_1,1.0,0.15701415
chr13_21839399_21840427_AG_1,1.0,0.15699673
chr13_113311015_113312817_AAGGAGGCCCCATCAGG_1,1.0,0.15676583
chr13_58280126_58280136_AAAG_1,0.0,0.15644664
chr13_27987929_27988954_AAAG_1,0.0,0.15480758
chr13_25725524_25725746_AG_1,0.0,0.15437452
chr13_26039367_26040150_AAAG_1,0.0,0.15382963
chr13_92372951_92373271_AAAG_1,0.0,0.15360777
chr13_74849412_74850411_AAAG_1,1.0,0.15359463
chr13_86062612_86063528_ACATATATATAT_1,0.0,0.15354596
chr13_64801669_64801944_AAAG_1,0.0,0.15301137
chr13_96046937_96047971_AAAG_1,1.0,0.15299374
chr13_34092912_34093286_AAAG_1,0.0,0.15291849
chr13_31651911_31652863_AAAG_1,0.0,0.15286975
chr13_54761619_54761946_AAAG_1,0.0,0.15269712
chr13_56632657_56633748_AT_1,0.0,0.15268299
chr13_35175453_35175691_AAAG_1,0.0,0.15245293
chr13_35159547_35160746_AAAG_1,0.0,0.15208554
chr13_110347114_110347500_AAATATATATTATAT_1,0.0,0.15191956
chr13_25455280_25456884_ACATCTATATATAGAT_1,1.0,0.15147421
chr13_113983599_113986582_AAGCCCGGGTGTGTGCATGG_1,0.0,0.15098813
chr13_76514665_76516116_AAAG_1,1.0,0.15069743
chr13_80993444_80994300_AAGTGGGGAGATGGGGGAG_1,1.0,0.1500775
chr13_56498172_56498258_AT_1,0.0,0.14968997
chr13_95390132_95390989_AAAG_1,0.0,0.14938027
chr13_55030701_55030965_AAAG_1,0.0,0.1493207
chr13_30230535_30231468_AAAG_1,0.0,0.14888997
chr13_64461116_64461117_AAATGGTGAGGGGCACTGGG_1,0.0,0.14864062
chr13_90109608_90109609_ACATAT_1,0.0,0.14832084
chr13_31014707_31014861_AAAG_1,0.0,0.14764602
chr13_25116411_25117359_AAAG_1,0.0,0.1472399
chr13_110907838_110908879_AAGGCAGGAAGGGAGGGGG_1,0.0,0.14720167
chr13_29259751_29259752_ACACCCACACCTCAGCG_1,0.0,0.14694117
chr13_60792900_60793339_AAAG_1,0.0,0.14655605
chr13_52221367_52221368_AATGG_1,0.0,0.1465101
chr13_79685204_79685538_AAAG_1,0.0,0.14621155
chr13_87406028_87407083_AT_1,1.0,0.14587466
chr13_56130113_56130908_AAAG_1,0.0,0.14587018
chr13_99759613_99760731_AAGGGAGG_1,1.0,0.14574726
chr13_114971600_114971977_AACCCT_1,0.0,0.14520366
chr13_67814191_67814192_AAATATATAT_1,0.0,0.14485994
chr13_114211355_114212536_AG_1,1.0,0.14445418
chr13_21839399_21840427_AAAG_1,1.0,0.14409648
chr13_19265389_19266286_AAAG_1,0.0,0.14388184
chr13_84152232_84153012_AAAG_1,1.0,0.14345415
chr13_112995393_112996219_AG_1,0.0,0.14324492
chr13_35881867_35883251_ACATATAT_1,0.0,0.14305028
chr13_114776213_114777758_AGGGGGCCGCGGGGGGCGG_1,0.0,0.14298868
chr13_90635562_90636362_AG_1,0.0,0.14233278
chr13_21659527_21659790_AAAG_1,0.0,0.14229676
chr13_59685433_59685434_AAAG_1,0.0,0.14222485
chr13_21863352_21865391_AATACAGATATGACACCCGC_1,0.0,0.142116
chr13_54068975_54069851_AAAG_1,1.0,0.14184809
chr13_75636804_75637192_AAAG_1,0.0,0.1417913
chr13_47110732_47111799_AAAG_1,0.0,0.14158526
chr13_86734483_86734484_AG_1,0.0,0.14153963
chr13_70354415_70355296_AT_1,0.0,0.14148057
chr13_114124455_114126218_AACTCCACAGAAGACCC_1,0.0,0.14099126
chr13_104354992_104355939_AAAG_1,0.0,0.14095633
chr13_113935677_113936058_AAAG_1,0.0,0.14072765
chr13_63317526_63318920_AAAG_1,1.0,0.14032361
chr13_63640751_63641609_AT_1,0.0,0.14028431
chr13_25455280_25456884_ACATCTATATAGAGAT_1,1.0,0.14023353
chr13_37792269_37793083_AAAG_1,0.0,0.1402293
chr13_85573573_85574190_AAAG_1,0.0,0.13990727
chr13_59020623_59020624_ACAGCCCTGGCTACTAGC_1,0.0,0.13967383
chr13_104755838_104756038_AAAG_1,0.0,0.13906541
chr13_113634418_113634932_AAAGGGGAAGGCGGGGG_1,0.0,0.13872966
chr13_73501502_73502583_AT_1,0.0,0.13870147
chr13_73176927_73177964_AAAG_1,1.0,0.13865983
chr13_58750503_58751166_AAAG_1,0.0,0.13856573
chr13_95681057_95681179_AT_1,0.0,0.13801757
chr13_44043771_44044792_AT_1,1.0,0.13701971
chr13_83669514_83671344_AAAG_1,0.0,0.13686015
chr13_35881867_35883251_AT_1,0.0,0.13654533
chr13_113546344_113546345_AG_1,0.0,0.13595027
chr13_111873047_111874323_AT_1,0.0,0.13585126
chr13_96726410_96726997_AAAG_1,0.0,0.13528955
chr13_81741855_81742837_AAAG_1,1.0,0.13500577
chr13_24132112_24132113_ACACTACCC_1,0.0,0.13482513
chr13_29964898_29965100_ATC_1,0.0,0.13412653
chr13_76985689_76986345_AGG_1,0.0,0.13382626
chr13_27127613_27128435_AAAG_1,0.0,0.13377313
chr13_101073786_101074676_AAAG_1,0.0,0.13374718
chr13_46237341_46238168_AAAG_1,0.0,0.13175735
chr13_63773901_63774533_AT_1,0.0,0.13155757
chr13_19806176_19807310_AAAG_1,0.0,0.13049665
chr13_89966199_89966962_AAAG_1,0.0,0.1299411
chr13_113983599_113986582_AAGCCCAGGTGTGTGCATGG_1,0.0,0.12982379
chr13_114515232_114516547_ACAGGCCCCGGGTGGGTC_1,1.0,0.12981884
chr13_81388614_81388615_AAAAT_1,0.0,0.12943314
chr13_105264409_105264410_AAG_1,0.0,0.12832774
chr13_49891837_49893464_AAAGG_1,1.0,0.12814164
chr13_107470206_107470207_AAATTTACATGTATAT_1,0.0,0.12759553
chr13_56363496_56364090_AAAG_1,0.0,0.12642393
chr13_29197136_29197309_AAAG_1,0.0,0.12550533
chr13_87882083_87882788_AAAG_1,0.0,0.12502225
chr13_93178792_93179992_AAAG_1,0.0,0.12502089
chr13_79461120_79461121_AG_1,0.0,0.12440534
chr13_49100992_49101649_ATATATATATATC_1,1.0,0.12397141
chr13_68644550_68644849_AAAG_1,0.0,0.12391047
chr13_76483589_76484431_AAAG_1,1.0,0.12141143
chr13_68993876_68993953_AT_1,0.0,0.12133414
chr13_46009407_46010126_AT_1,0.0,0.12091777
chr13_75340967_75340968_AAAGG_1,0.0,0.12075836
chr13_88969655_88969666_AT_1,0.0,0.12002257
chr13_58506207_58506892_AT_1,0.0,0.119489945
chr13_57039550_57040284_AT_1,0.0,0.11906176
chr13_88655363_88656176_AAAG_1,1.0,0.11888086
chr13_58858398_58859388_AAAG_1,0.0,0.117354505
chr13_104652650_104652738_AAAG_1,0.0,0.115702055
chr13_51792273_51792654_AAAG_1,0.0,0.11509176
chr13_72308893_72310460_ACGCGTATATCCCATAT_1,0.0,0.11433187
chr13_80993444_80994300_AAATGAGGAGATGGGGGGAG_1,1.0,0.114298694
chr13_51280131_51280195_AAAG_1,0.0,0.11410335
chr13_47815293_47815736_AT_1,0.0,0.11333357
chr13_114578174_114580385_ACACAGCAGCGACACCC_1,1.0,0.113014534
chr13_21863352_21865391_AATACAGATGTGACACCCGC_1,0.0,0.11249319
chr13_54526211_54526212_ACACACACACCTGG_1,0.0,0.11239629
chr13_110589132_110590103_AT_1,0.0,0.112349324
chr13_40967400_40968367_AAAG_1,0.0,0.11017793
chr13_70952026_70952421_AT_1,0.0,0.10972627
chr13_57661108_57661109_AAAGAGGAGGAGGAGG_1,0.0,0.10938012
chr13_86595268_86596099_AT_1,0.0,0.10907199
chr13_110034491_110035477_AT_1,0.0,0.108946994
chr13_80717301_80718396_AT_1,0.0,0.108880416
chr13_79160740_79161626_AAAG_1,0.0,0.108458556
chr13_35074561_35074596_AAAG_1,0.0,0.108357966
chr13_34332660_34333466_AT_1,0.0,0.10778407
chr13_60941635_60942209_AT_1,0.0,0.10746055
chr13_103872655_103873686_AT_1,0.0,0.10733788
chr13_69485120_69486127_AT_1,0.0,0.1071822
chr13_91960520_91960954_ATATATATATATC_1,0.0,0.10717895
chr13_107104169_107105315_AT_1,0.0,0.106991194
chr13_25455280_25456884_ACATCGATATATAGAT_1,1.0,0.10694774
chr13_90248906_90250193_AT_1,0.0,0.10637271
chr13_99256298_99258437_AT_1,0.0,0.106191844
chr13_81126483_81126484_AAGG_1,0.0,0.10600661
chr13_20855184_20855740_AT_1,0.0,0.10592403
chr13_86318727_86319670_AT_1,0.0,0.10588583
chr13_71315201_71315848_AT_1,0.0,0.10546289
chr13_95338898_95339560_AT_1,0.0,0.10515358
chr13_81453279_81453280_AG_1,0.0,0.10500672
chr13_101267544_101267545_AATACTCCTGGACCTGAGGG_1,0.0,0.10446678
chr13_40788730_40789378_AATATAT_1,0.0,0.104341954
chr13_62593152_62593304_AG_1,0.0,0.1038633
chr13_20440369_20440392_AACCCT_1,0.0,0.10294719
chr13_114515232_114516547_ACAGGTCCCGGGTGGGTC_1,1.0,0.09954144
chr13_113983599_113986582_ACACACCCGGGCTCCCATGC_1,0.0,0.09890699
chr13_91101847_91101848_AAAG_1,0.0,0.098322995
chr13_115106863_115107084_AACCCT_1,1.0,0.09827253
chr13_113808643_113809422_AGGCGGGGCGCGGGGG_1,1.0,0.09822536
chr13_113588314_113589251_AGC_1,0.0,0.09768656
chr13_70294644_70295554_AT_1,0.0,0.09703958
chr13_49634889_49635441_AGGGG_1,0.0,0.096945874
chr13_78551397_78552317_AT_1,0.0,0.09656052
chr13_49033344_49034595_AG_1,1.0,0.09556863
chr13_42627039_42628204_AACTATATATATATATATAT_1,0.0,0.09519715
chr13_105469764_105469868_AT_1,0.0,0.09517407
chr13_19966038_19966039_AACCCT_1,0.0,0.094859086
chr13_30408653_30409618_AT_1,0.0,0.09377327
chr13_71211398_71211399_AACCCT_1,0.0,0.09337179
chr13_35921348_35921349_AAAGG_1,0.0,0.09328227
chr13_24099066_24099067_AACCCT_1,0.0,0.09305471
chr13_113808643_113809422_AGGCGGGGGGCGGGGG_1,1.0,0.092741325
chr13_41927909_41927910_AACCCT_1,0.0,0.09148325
chr13_99726289_99726290_AAAGG_1,0.0,0.090998664
chr13_25517242_25517243_AAAG_1,0.0,0.089895315
chr13_110806740_110807606_AAGCTGGTCATATGGAG_1,0.0,0.08953333
chr13_44765892_44766737_AAAG_1,0.0,0.088959046
chr13_92422560_92423165_AC_1,0.0,0.0880611
chr13_94592373_94592927_ATCC_1,0.0,0.08773953
chr13_93883027_93884136_AT_1,0.0,0.086915515
chr13_107453188_107454622_AAAG_1,0.0,0.086096436
chr13_20479591_20479592_AACCCT_1,0.0,0.08589624
chr13_46274967_46274968_ACCCTATCC_1,0.0,0.085638836
chr13_84941468_84942349_AT_1,0.0,0.085496865
chr13_74206946_74206947_ACCACCTCCCTC_1,0.0,0.08289065
chr13_109945739_109946883_AACCCT_1,0.0,0.082756646
chr13_75536475_75536476_AAGAGGTGATAGTATT_1,0.0,0.08218277
chr13_49891837_49893464_AAAG_1,1.0,0.082097426
chr13_25455280_25456884_ACATCTATATAGAT_1,1.0,0.08154337
chr13_77312157_77312158_AACCCT_1,0.0,0.081338786
chr13_61800108_61800109_AATGAGTGAGCGGGGAGAGG_1,0.0,0.081251636
chr13_37738727_37738836_AACCCT_1,0.0,0.07999368
chr13_113311015_113312817_AACAGGAAGGAGGCCCC_1,1.0,0.07989092
chr13_81554864_81555896_AGGG_1,0.0,0.07949203
chr13_113180046_113181592_ACC_1,0.0,0.07832919
chr13_44880736_44881598_AAAG_1,0.0,0.078078955
chr13_42546282_42546806_AACCCT_1,0.0,0.07782208
chr13_106653619_106653620_AACCCT_1,0.0,0.077514485
chr13_73353543_73353961_ACC_1,0.0,0.07662344
chr13_22005916_22005917_AAAGGATGAGGG_1,0.0,0.0764519
chr13_42090087_42090088_ACCATCCTCAGCTCACCCC_1,0.0,0.07503733
chr13_75118655_75118656_AACCCT_1,0.0,0.07428924
chr13_82721835_82722209_AGAT_1,0.0,0.073010676
chr13_49649919_49650177_ACC_1,0.0,0.07199805
chr13_92371520_92371521_ACC_1,0.0,0.0718066
chr13_71096702_71096703_AACCCT_1,0.0,0.07120721
chr13_84292973_84292974_AAG_1,0.0,0.07077454
chr13_27433398_27433810_AACCCT_1,0.0,0.07051033
chr13_95884022_95884566_ACC_1,0.0,0.06984132
chr13_25623768_25623769_AATGAGTGAGCGGGGAGAGG_1,0.0,0.06888431
chr13_45923029_45923375_AAAG_1,0.0,0.068125814
chr13_106296482_106297808_AAGG_1,0.0,0.067293316
chr13_84779969_84780406_AAAG_1,0.0,0.066944875
chr13_34105660_34105661_AG_1,0.0,0.06591988
chr13_110347114_110347500_AAATATATATAATAT_1,0.0,0.06448729
chr13_113311015_113312817_AAGGAGGCCCCACCAGG_1,1.0,0.06444766
chr13_77380982_77380983_AACCCT_1,0.0,0.0643246
chr13_20549769_20550188_ACAT_1,0.0,0.06333174
chr13_98715384_98715833_AGGGG_1,0.0,0.06295806
chr13_80972975_80973570_ACC_1,0.0,0.062377308
chr13_25455280_25456884_ACATATAGATACATCT_1,1.0,0.062275365
chr13_99199823_99199839_AACCCT_1,0.0,0.062035624
chr13_19945262_19945263_ACAGAGGAGAGGCAGAG_1,0.0,0.061558273
chr13_108117164_108117165_ACTCATATATAT_1,0.0,0.06125736
chr13_19818055_19818056_AAGGCAGGGAGGCAGGGG_1,0.0,0.060941145
chr13_105433159_105434172_AAATGGCTGGGTGGAGG_1,1.0,0.06079835
chr13_105433159_105434172_AATGGCTGGGTGGCTGG_1,1.0,0.06003498
chr13_43047140_43047175_AAC_1,0.0,0.059559774
chr13_102813172_102814819_AGC_1,1.0,0.05917334
chr13_104757306_104757963_AAAG_1,0.0,0.059075803
chr13_56851806_56852168_AAGG_1,0.0,0.05821245
chr13_109946915_109946941_AACTCGGACACACCAC_1,0.0,0.057529617
chr13_110372372_110372541_ATCC_1,0.0,0.057140227
chr13_26456592_26457263_ATC_1,0.0,0.056962937
chr13_28564145_28566298_ACCTAT_1,1.0,0.056156296
chr13_50570724_50571242_AACCCT_1,0.0,0.055787917
chr13_24448767_24449312_AC_1,0.0,0.055646285
chr13_76101950_76102388_AC_1,0.0,0.0546867
chr13_24046887_24047816_AAAAT_1,0.0,0.05363256
chr13_113709344_113710109_AC_1,0.0,0.053141557
chr13_99179687_99179688_ACCTCAGCCCCCTCC_1,0.0,0.053116705
chr13_79742187_79742915_AACCCT_1,1.0,0.053075444
chr13_47848155_47848156_ACAGGGTGG_1,0.0,0.052811936
chr13_114919426_114919427_ACGCATCTCCTCACTCC_1,0.0,0.051425464
chr13_49252342_49252343_AATGG_1,0.0,0.05036401
chr13_20936072_20937599_ACACCTGCCC_1,0.0,0.05029511
chr13_33766506_33766507_AACCCT_1,0.0,0.049686603
chr13_44840978_44841779_ATCC_1,0.0,0.049419113
chr13_35373356_35373357_AACCCT_1,0.0,0.049077664
chr13_81838944_81838945_ATCC_1,0.0,0.048873868
chr13_23442916_23443800_ATCC_1,1.0,0.04881475
chr13_100114579_100116336_ATCC_1,0.0,0.048540052
chr13_70661840_70661841_AACCCT_1,0.0,0.048528366
chr13_85055800_85057040_ACTATATATAT_1,0.0,0.04837581
chr13_96235541_96235542_AAAAT_1,0.0,0.04776239
chr13_100123726_100123803_ATCC_1,0.0,0.047601532
chr13_21863352_21865391_AATACTGCTATGACACCCGC_1,0.0,0.04608146
chr13_30132431_30134419_AATGTGAGTGAGGGGGAGGG_1,0.0,0.045674335
chr13_43496857_43496862_AATGG_1,0.0,0.045551974
chr13_75286045_75286046_ACCCAGG_1,0.0,0.04497223
chr13_112653356_112654269_AACCCT_1,0.0,0.04473705
chr13_26823342_26823982_AGAT_1,0.0,0.044441726
chr13_48191157_48191491_AACCCT_1,0.0,0.043306444
chr13_48853915_48853953_AACCCT_1,0.0,0.04321895
chr13_25589284_25589285_ACAGAGGAGAGGCAGAG_1,0.0,0.042506132
chr13_53209409_53209985_AC_1,0.0,0.04226055
chr13_24739295_24739354_ACATCC_1,0.0,0.042023804
chr13_44130413_44130414_AATGG_1,0.0,0.04181141
chr13_37128453_37128454_ACCCTATCC_1,0.0,0.04144536
chr13_62531967_62531968_AAGGCGGGAGGCTGGGGTAG_1,0.0,0.041381456
chr13_37722105_37722106_AACCCT_1,0.0,0.040540006
chr13_86155547_86155880_AACCCT_1,0.0,0.040212788
chr13_73628858_73628921_AT_1,0.0,0.039421514
chr13_57613395_57613822_AACCCT_1,0.0,0.03922578
chr13_95081434_95082508_AT_1,0.0,0.039140694
chr13_32531671_32531672_AAGGAAGGAAGGAGAG_1,0.0,0.03903042
chr13_21863352_21865391_AATACAGCTATGACACCCGC_1,0.0,0.03898262
chr13_57935252_57935253_ACACCCACACCCCC_1,0.0,0.03892059
chr13_89864207_89864208_AATGAGTGAGTGAGGAGAGG_1,0.0,0.037897266
chr13_114078130_114079695_ACCCACCCACTCATCCATCC_1,1.0,0.037490807
chr13_38559831_38559832_ACCTCCTCCCTGCCTGCTC_1,0.0,0.03722342
chr13_105285205_105285206_AT_1,0.0,0.036898147
chr13_93037224_93038253_ACATATATGCATATAT_1,1.0,0.0368133
chr13_75346563_75346564_AACCCT_1,0.0,0.036265284
chr13_113811285_113811286_AACCCT_1,0.0,0.035841122
chr13_71411590_71411591_AACCCT_1,0.0,0.035673425
chr13_106076647_106077115_AGAT_1,0.0,0.035651393
chr13_100067493_100067494_ACACACCTCACCCACCT_1,0.0,0.035584483
chr13_66164220_66164221_ACACCACACCAGGCC_1,0.0,0.035385273
chr13_76843183_76843184_AATGGTGAGGGGCACTGGGG_1,0.0,0.035310872
chr13_69165365_69165366_AACCCT_1,0.0,0.03528921
chr13_89798221_89798222_AATGG_1,0.0,0.03511966
chr13_110770446_110770519_AACCCT_1,0.0,0.03485086
chr13_93037224_93038253_AT_1,1.0,0.034677785
chr13_53174203_53174204_AACCCT_1,0.0,0.034622416
chr13_35328628_35328629_AACCCT_1,0.0,0.03458643
chr13_30132431_30134419_AATGTGAGTGAGGGGGAGAG_1,0.0,0.03434628
chr13_97818593_97819370_AGAT_1,1.0,0.034138825
chr13_110078138_110079149_AAGG_1,0.0,0.033146966
chr13_20349458_20349459_AATGG_1,0.0,0.032924943
chr13_91077467_91077468_AAGAGGTGATAGTATT_1,0.0,0.032836948
chr13_95124474_95124477_AT_1,0.0,0.03271625
chr13_110907838_110908879_AAGGCAGGAAGGGAAGGGGG_1,0.0,0.03231368
chr13_111322902_111322903_ACC_1,0.0,0.032095067
chr13_106185475_106185954_AACCCT_1,0.0,0.03207832
chr13_66788561_66788562_ACACTACCC_1,0.0,0.031095343
chr13_93928310_93928811_AC_1,0.0,0.031052511
chr13_112772532_112772533_ACGGCCTCCCCTCCCCCTGC_1,0.0,0.030653989
chr13_74826871_74827095_AGAT_1,0.0,0.030613277
chr13_100128463_100130409_AC_1,0.0,0.02999834
chr13_28770911_28771060_ACC_1,0.0,0.029982409
chr13_111329531_111330349_ACC_1,0.0,0.029908242
chr13_46243444_46243445_ACC_1,0.0,0.029737996
chr13_31416140_31419139_ACC_1,0.0,0.029629195
chr13_99759613_99760731_AGGAGGGG_1,1.0,0.029604781
chr13_93037224_93038253_ACATATAT_1,1.0,0.029499244
chr13_43162854_43162964_ACC_1,0.0,0.029282974
chr13_42137698_42138254_AC_1,0.0,0.02923415
chr13_97391045_97391767_AC_1,0.0,0.029042719
chr13_88867190_88867191_AGGG_1,0.0,0.02880347
chr13_43274173_43274174_AACCCT_1,0.0,0.028723404
chr13_88770961_88770962_AACCCT_1,0.0,0.028700665
chr13_49331616_49331617_ACGGAGAGAGAGGAG_1,0.0,0.028623188
chr13_98504368_98505285_ATCC_1,0.0,0.028242433
chr13_101008817_101008818_AATGAGTGAGCGGGCAGAGG_1,0.0,0.028232977
chr13_114498540_114499589_ACC_1,0.0,0.028184114
chr13_114578174_114580385_ACACCCACGCAGCAGCG_1,1.0,0.028015807
chr13_47697927_47697928_AACCCT_1,0.0,0.027966782
chr13_37701244_37701848_AC_1,0.0,0.027676301
chr13_75988154_75988155_AACCCT_1,0.0,0.027659131
chr13_59874100_59874101_AACCCT_1,0.0,0.027641445
chr13_42784464_42784465_AATGG_1,0.0,0.027420338
chr13_42037278_42037735_AC_1,0.0,0.027368547
chr13_45340470_45341161_AC_1,0.0,0.027330723
chr13_100351714_100351715_AACGCGCAGCCACCAGAC_1,0.0,0.027198315
chr13_23972535_23972539_AACCCT_1,0.0,0.026963681
chr13_42080616_42081331_AC_1,0.0,0.026847037
chr13_49471122_49471123_AACCCT_1,0.0,0.026596744
chr13_87328753_87328754_ACAGAGGAGAGGCAGAG_1,0.0,0.02649437
chr13_21173742_21174153_AACCCT_1,0.0,0.026021378
chr13_25112734_25112912_AC_1,0.0,0.025938226
chr13_75783375_75783376_AATGG_1,0.0,0.02563997
chr13_59986296_59986778_ACAT_1,0.0,0.025534904
chr13_70712854_70714084_AGCAGCGGC_1,1.0,0.02529452
chr13_60117393_60118132_AAGG_1,0.0,0.025281085
chr13_79783319_79783320_ACCCTATCC_1,0.0,0.02518723
chr13_34925305_34925334_ACCCTATCC_1,0.0,0.025116215
chr13_47338238_47339059_AC_1,0.0,0.025068587
chr13_97211000_97211521_AGAT_1,0.0,0.024372486
chr13_42194244_42194245_ACC_1,0.0,0.024331402
chr13_94944156_94944845_AACCCT_1,0.0,0.024287468
chr13_63803434_63804112_ACACTACCC_1,0.0,0.024274876
chr13_100622703_100622704_ACC_1,0.0,0.024077378
chr13_46424739_46425340_AC_1,0.0,0.024040857
chr13_22120600_22120601_ACCCTATCC_1,0.0,0.02396358
chr13_97267678_97267679_ACC_1,0.0,0.023824329
chr13_85055800_85057040_AATATATATAT_1,0.0,0.023802815
chr13_88234752_88234753_AAGG_1,0.0,0.02352118
chr13_40835737_40836391_AGAT_1,0.0,0.023455016
chr13_57190401_57190438_ACCCTATCC_1,0.0,0.023138009
chr13_108406396_108407100_AC_1,0.0,0.022974353
chr13_43438929_43439197_AACCCT_1,0.0,0.022709243
chr13_41042205_41042909_AGAT_1,0.0,0.022657914
chr13_58436027_58436506_AGAT_1,0.0,0.022332104
chr13_57817227_57817779_AGAT_1,0.0,0.022152573
chr13_114078130_114079695_AATGGATGAATGGATGGGTG_1,1.0,0.021988338
chr13_77900008_77900662_AC_1,0.0,0.021936264
chr13_112273852_112274357_ACACCCACACCCCC_1,0.0,0.02184394
chr13_57955043_57955552_AACCCT_1,0.0,0.021311495
chr13_25800417_25800418_AATGG_1,0.0,0.021263465
chr13_77867796_77868595_AT_1,0.0,0.021226294
chr13_27385834_27385854_AACCCT_1,0.0,0.021196103
chr13_80236139_80236140_AAACATATATATG_1,0.0,0.02109025
chr13_97010838_97011191_AGAT_1,0.0,0.020725029
chr13_52051804_52051865_AC_1,0.0,0.020508675
chr13_113709328_113709329_AAAGGATGAGGG_1,0.0,0.020384725
chr13_23994002_23994003_ACACCAGTATGCCAGCCACT_1,0.0,0.020146191
chr13_98985323_98985936_AC_1,0.0,0.02004526
chr13_51734646_51735221_ACGGGAGAGGGAGAGGGAG_1,1.0,0.020043021
chr13_83461067_83461068_ACC_1,0.0,0.019766843
chr13_74623903_74623975_AACCCT_1,0.0,0.019756673
chr13_101968836_101968837_AACCCT_1,0.0,0.01961449
chr13_113814668_113815063_AACCCT_1,0.0,0.01952258
chr13_41627029_41627030_ACC_1,0.0,0.019450547
chr13_54532492_54532970_AGAT_1,0.0,0.019283952
chr13_79890045_79890585_AC_1,0.0,0.01906943
chr13_42095883_42096529_AC_1,0.0,0.019004392
chr13_65863001_65863723_AC_1,0.0,0.018964766
chr13_113311015_113312817_AAGGAGGCCCCAGCAGG_1,1.0,0.018787177
chr13_21863352_21865391_AATACAGATATGACCCCCGC_1,0.0,0.018655114
chr13_107302680_107302951_AGAT_1,0.0,0.01838884
chr13_30132431_30134419_AATGTGAGTGAGGGGGAGTG_1,0.0,0.018364687
chr13_98539414_98539745_AGAT_1,0.0,0.017961534
chr13_20889753_20889754_ACACACACCACCCTCC_1,0.0,0.01792521
chr13_28156621_28157716_AC_1,1.0,0.01791179
chr13_114436064_114437181_AC_1,0.0,0.017778048
chr13_90118618_90119124_AGAT_1,0.0,0.01773693
chr13_31038265_31039115_AC_1,0.0,0.017622195
chr13_103116210_103116474_AGAT_1,0.0,0.017572405
chr13_34489493_34489717_AACCCT_1,0.0,0.017547732
chr13_46483122_46483158_ACC_1,0.0,0.017547118
chr13_108401127_108401698_AC_1,0.0,0.017493356
chr13_58323377_58324071_AGAT_1,0.0,0.01746882
chr13_77863722_77863723_ACC_1,0.0,0.017394904
chr13_100896808_100897314_AC_1,0.0,0.017195217
chr13_78228294_78228685_AGAT_1,0.0,0.016921163
chr13_73148802_73149344_AC_1,0.0,0.016881404
chr13_44629001_44629462_AC_1,0.0,0.016763108
chr13_35687272_35687668_AGAT_1,0.0,0.016735042
chr13_52292226_52293018_AC_1,0.0,0.01648775
chr13_69835274_69835275_AAGGTATGGGTGTGG_1,0.0,0.016368033
chr13_97051837_97052888_AC_1,0.0,0.01631406
chr13_57841976_57841977_AATGG_1,0.0,0.016222533
chr13_102952873_102954394_AC_1,0.0,0.016193585
chr13_103386722_103387032_AACCCT_1,0.0,0.016134204
chr13_71824495_71824737_AG_1,0.0,0.015920086
chr13_44293134_44293658_AC_1,0.0,0.015900109
chr13_25748522_25749260_AAAG_1,0.0,0.01586968
chr13_51725946_51725947_AACCCT_1,0.0,0.015832592
chr13_74813310_74813311_AACCCT_1,0.0,0.015779864
chr13_87220669_87220670_AATGAGTGAGCGGGGAGAGG_1,0.0,0.015737547
chr13_87719979_87720513_AGAT_1,0.0,0.015675712
chr13_73949337_73949772_AGAT_1,0.0,0.015493586
chr13_51053729_51053730_AACCCT_1,0.0,0.015469318
chr13_98318186_98318612_AGAT_1,0.0,0.015224424
chr13_26347894_26347895_AC_1,0.0,0.015189049
chr13_30470885_30470886_AAATGGACTACAACCACGCC_1,0.0,0.015136955
chr13_90291465_90291633_AGAT_1,0.0,0.01513141
chr13_69174708_69174709_AACCCT_1,0.0,0.015128497
chr13_65019575_65020087_AGAT_1,1.0,0.014934217
chr13_98989385_98990048_AC_1,0.0,0.014848311
chr13_51254229_51255035_AC_1,0.0,0.014844133
chr13_40053062_40053605_AGAT_1,0.0,0.014796677
chr13_110153822_110154062_AGAT_1,0.0,0.014787943
chr13_22789200_22789935_AACCCT_1,0.0,0.014708145
chr13_36531684_36532920_ACC_1,1.0,0.014705339
chr13_26080936_26081513_AC_1,0.0,0.014698364
chr13_48443659_48444178_AC_1,0.0,0.014576851
chr13_45460770_45461382_AC_1,0.0,0.014340656
chr13_65446633_65446649_ACC_1,0.0,0.014257223
chr13_114078130_114079695_AATGGATGGGTGGATGGATG_1,1.0,0.014207852
chr13_58013772_58014350_ACAT_1,0.0,0.014161524
chr13_97007210_97007872_AC_1,0.0,0.014154283
chr13_104459182_104459456_AACCCT_1,0.0,0.014152287
chr13_77408922_77409471_AGAT_1,0.0,0.014126538
chr13_108095119_108095414_AGAT_1,0.0,0.014098242
chr13_30888725_30888726_AACACCAGCGACATG_1,0.0,0.014092523
chr13_83555614_83555868_AGAT_1,0.0,0.014065174
chr13_20246484_20246485_AACCTCCTCCTCACTGC_1,0.0,0.013928727
chr13_106670095_106670883_AC_1,0.0,0.013834473
chr13_43500720_43501618_AC_1,0.0,0.013788334
chr13_110292608_110292934_ACC_1,0.0,0.0137790255
chr13_98920675_98921244_AC_1,0.0,0.013719847
chr13_58848578_58849083_AGAT_1,0.0,0.013641802
chr13_42681729_42681730_ACCACCCAGCCTCC_1,0.0,0.013432842
chr13_54753963_54753964_AACCCT_1,0.0,0.013374312
chr13_101110303_101110936_AC_1,0.0,0.013305026
chr13_45125054_45125810_AC_1,0.0,0.013288036
chr13_26905599_26905600_AACCCT_1,0.0,0.013255327
chr13_87722363_87722609_AACCCT_1,0.0,0.013219399
chr13_26368599_26369328_AC_1,0.0,0.013152266
chr13_47174384_47175151_AC_1,0.0,0.013114815
chr13_65854098_65854866_AC_1,0.0,0.013113852
chr13_92143164_92143661_AACCCT_1,0.0,0.01306225
chr13_39283615_39284338_AC_1,0.0,0.012979007
chr13_87830714_87830715_AAGGTATGGGTGTGG_1,0.0,0.012922127
chr13_20561328_20562011_AC_1,0.0,0.0129103875
chr13_47976942_47977737_AC_1,0.0,0.012902363
chr13_49911588_49912157_AC_1,0.0,0.0128351385
chr13_26128392_26128972_AC_1,0.0,0.01274514
chr13_56487624_56488202_AC_1,0.0,0.0127148945
chr13_21863352_21865391_AATACAGATATGACACCCCC_1,0.0,0.012592026
chr13_38880333_38880334_ACC_1,0.0,0.0125781605
chr13_50106868_50106869_AATGG_1,0.0,0.012164256
chr13_21040436_21041003_AC_1,0.0,0.012127195
chr13_42635704_42636285_AC_1,0.0,0.012104274
chr13_95761218_95761875_AC_1,0.0,0.012061128
chr13_63160628_63161408_AC_1,0.0,0.011906475
chr13_83309945_83309946_AAAACCTAGGCTAGAAG_1,0.0,0.011903385
chr13_26576720_26577425_AC_1,0.0,0.011865308
chr13_73676156_73676157_AAAT_1,0.0,0.011846337
chr13_97926593_97927058_AACCCT_1,0.0,0.011845008
chr13_34652471_34653769_AC_1,0.0,0.011730607
chr13_100884189_100884991_AC_1,0.0,0.011615786
chr13_63955514_63955515_AAGGTATGGGTGTGG_1,0.0,0.011528661
chr13_74472090_74472587_AACCCT_1,0.0,0.011513857
chr13_40033012_40033542_AC_1,0.0,0.011437446
chr13_33607142_33607143_ACCACCTCCCTC_1,0.0,0.011366799
chr13_88276851_88277724_AT_1,0.0,0.011250225
chr13_99025459_99026137_AC_1,0.0,0.011228968
chr13_25848687_25849484_AC_1,0.0,0.011223433
chr13_114078130_114079695_AATGGATGAATGGGTGGGTG_1,1.0,0.011199983
chr13_82280785_82281534_AACCCT_1,0.0,0.011187922
chr13_95484804_95485630_AC_1,0.0,0.010926342
chr13_103752073_103752074_AACCCT_1,0.0,0.010919994
chr13_103479576_103479577_AACCCT_1,0.0,0.010786795
chr13_45487543_45487724_ACC_1,0.0,0.010687454
chr13_38366845_38367166_ACC_1,0.0,0.010602473
chr13_31105190_31105787_AC_1,0.0,0.010504554
chr13_25371445_25372074_AC_1,0.0,0.010495259
chr13_110732637_110732638_AGCCCT_1,0.0,0.010434416
chr13_76665997_76666726_AC_1,0.0,0.010419646
chr13_91565881_91565882_AACCCT_1,0.0,0.010376272
chr13_96346148_96346149_ACC_1,0.0,0.01025121
chr13_26387851_26388371_AC_1,0.0,0.010200992
chr13_67587080_67587763_AC_1,0.0,0.010133176
chr13_46535482_46535661_ACC_1,0.0,0.01012653
chr13_73866703_73867350_AC_1,0.0,0.010012947
chr13_50976269_50976313_AACCCT_1,0.0,0.009995676
chr13_43984761_43984762_ACACACACACCTAG_1,0.0,0.009968598
chr13_73322338_73322339_AAATATATATATTCC_1,0.0,0.009923986
chr13_95713403_95713989_AC_1,0.0,0.009602558
chr13_40135885_40137070_AT_1,0.0,0.009579393
chr13_37454238_37454239_ACC_1,0.0,0.00953896
chr13_50672071_50672072_AATGAGTGAGTGAGGAGAGG_1,0.0,0.009528945
chr13_54138221_54138337_ACC_1,0.0,0.009501496
chr13_102360059_102360719_AC_1,0.0,0.009422661
chr13_63563525_63563764_AGAT_1,0.0,0.009240121
chr13_63267386_63267387_AACCCT_1,0.0,0.0092251515
chr13_23253175_23254148_ACC_1,0.0,0.009203489
chr13_51839763_51839882_ACC_1,0.0,0.009121675
chr13_72070515_72070516_AACCCT_1,0.0,0.009101584
chr13_105396230_105396737_AGAT_1,0.0,0.009012091
chr13_96926629_96927400_AC_1,0.0,0.009011793
chr13_39522983_39523596_AC_1,0.0,0.008963503
chr13_109403119_109403684_AC_1,0.0,0.008950051
chr13_39321205_39321695_AC_1,0.0,0.008920291
chr13_70961272_70961790_AC_1,0.0,0.008892384
chr13_47723169_47723170_AACCCT_1,0.0,0.00886749
chr13_51977737_51978602_AC_1,0.0,0.008834352
chr13_31779517_31779518_AACCCT_1,0.0,0.008763885
chr13_30582711_30582712_AACCCT_1,0.0,0.008610637
chr13_102240272_102240752_AC_1,0.0,0.008607911
chr13_104871889_104872807_AC_1,0.0,0.008515795
chr13_102580561_102580815_AC_1,0.0,0.008492957
chr13_75977961_75978241_AC_1,0.0,0.008482282
chr13_112850227_112852074_AACCAGGG_1,0.0,0.008414195
chr13_92148802_92149089_ACC_1,0.0,0.008411028
chr13_102213836_102213837_ACC_1,0.0,0.0084059555
chr13_107803115_107803116_AACCCT_1,0.0,0.008150966
chr13_75494405_75495228_AC_1,0.0,0.008100152
chr13_82478067_82478747_AC_1,0.0,0.007980894
chr13_106379584_106380698_AT_1,0.0,0.007709314
chr13_74370281_74370877_ACCCTATCC_1,0.0,0.0075008064
chr13_67604528_67604653_ACC_1,0.0,0.0074864714
chr13_45597704_45598667_AC_1,0.0,0.0074191215
chr13_82742939_82743197_AACCCT_1,0.0,0.007350922
chr13_101649472_101649473_ACACTGTCCACCTCCCACAG_1,0.0,0.007256448
chr13_114078130_114079695_AATGGGTGGGTGGATGGATG_1,1.0,0.007199406
chr13_44431265_44431600_AC_1,0.0,0.007142674
chr13_91210255_91210256_AACCCT_1,0.0,0.0069999923
chr13_74370281_74370877_AC_1,0.0,0.0069128084
chr13_107409828_107409995_ACC_1,0.0,0.006870005
chr13_76826937_76826938_AAGGTGGGAGGCTGGGGTAG_1,0.0,0.0068544718
chr13_102954887_102954888_AACCCT_1,0.0,0.0067846216
chr13_66395883_66396845_AC_1,0.0,0.0067342897
chr13_29055226_29055955_AC_1,0.0,0.006688104
chr13_66201675_66201676_AACCCT_1,0.0,0.006683797
chr13_44514565_44514566_AG_1,0.0,0.0066527114
chr13_98859852_98860548_AC_1,0.0,0.0066458583
chr13_67647755_67648077_AGAT_1,0.0,0.006638754
chr13_85016602_85016775_ACC_1,0.0,0.0066367667
chr13_101233430_101233431_AATGG_1,0.0,0.006587294
chr13_53410461_53410827_AC_1,0.0,0.00655853
chr13_66981187_66981188_AACCCT_1,0.0,0.006552642
chr13_63803434_63804112_AC_1,0.0,0.006302498
chr13_52445534_52446275_AC_1,0.0,0.006282134
chr13_44255401_44256115_AC_1,0.0,0.006171334
chr13_23469191_23469812_AC_1,0.0,0.006153753
chr13_97451806_97452612_AT_1,0.0,0.0059852414
chr13_24914893_24915662_AC_1,0.0,0.005964992
chr13_81932134_81932135_AAAGAAGGAAGGGAGGG_1,0.0,0.0059574815
chr13_50970209_50970263_AAATGCACAGGAAT_1,0.0,0.0059307152
chr13_54721309_54721310_AACCCT_1,0.0,0.005903676
chr13_54652373_54652374_AACCCT_1,0.0,0.005748766
chr13_30160273_30160500_AACCCT_1,0.0,0.005727004
chr13_52002698_52002699_ACTGCAGCCTC_1,0.0,0.0057251793
chr13_73364308_73364790_AGAT_1,0.0,0.0057003587
chr13_68908080_68908311_AACCCT_1,0.0,0.005660456
chr13_65252559_65253159_AC_1,0.0,0.005633109
chr13_95777785_95777786_AATG_1,0.0,0.005624462
chr13_105394848_105394849_AACCCT_1,0.0,0.005542469
chr13_96413677_96413678_AACCCT_1,0.0,0.0055356403
chr13_36168685_36169348_AC_1,0.0,0.0055134767
chr13_22299353_22301020_ACC_1,0.0,0.005511155
chr13_86938999_86939429_AC_1,0.0,0.0055086524
chr13_74041685_74042107_AC_1,0.0,0.0054641515
chr13_80329422_80329423_AACCCT_1,0.0,0.0054587955
chr13_89357104_89357449_AACCCT_1,0.0,0.005430295
chr13_36530757_36530774_ACC_1,0.0,0.005397528
chr13_84620739_84620740_AAGGTATGGGTGTGG_1,0.0,0.0053173876
chr13_45169707_45169708_AATGTGAGTGAGGGGGAGTG_1,0.0,0.005281649
chr13_85605907_85606732_AC_1,0.0,0.005266465
chr13_75855581_75855985_AC_1,0.0,0.005259849
chr13_99055819_99056568_ACC_1,1.0,0.005178421
chr13_43013366_43014109_AC_1,0.0,0.0051702466
chr13_102770810_102771312_AACCCT_1,0.0,0.0051271184
chr13_103917804_103918474_AC_1,0.0,0.0051201913
chr13_102674947_102675727_AC_1,0.0,0.0051177917
chr13_93619308_93620004_AC_1,0.0,0.005087523
chr13_67639023_67639205_AGAT_1,0.0,0.00505394
chr13_67448684_67449189_AC_1,0.0,0.0050281347
chr13_29080640_29081255_AC_1,0.0,0.005006278
chr13_35618430_35618929_AC_1,0.0,0.0049800575
chr13_24989329_24990005_AC_1,0.0,0.0049736206
chr13_47276870_47277073_ACC_1,0.0,0.0049727713
chr13_31416140_31419139_AC_1,0.0,0.004952592
chr13_43309505_43310088_AC_1,0.0,0.0049253283
chr13_67553906_67554366_AGAT_1,0.0,0.004879609
chr13_26064429_26064430_ACACTGTCCACCTCCCACAG_1,0.0,0.004871812
chr13_44441650_44441651_AACCCT_1,0.0,0.0048434553
chr13_46421424_46422048_AC_1,0.0,0.004834069
chr13_61989166_61989167_AACCCT_1,0.0,0.0048330366
chr13_51215184_51215871_AC_1,0.0,0.004767483
chr13_80358491_80359362_AC_1,0.0,0.004762481
chr13_53492083_53492539_AC_1,0.0,0.004729085
chr13_101202226_101202985_AC_1,0.0,0.00472133
chr13_56787549_56787931_AC_1,0.0,0.00471832
chr13_110502821_110503134_AC_1,0.0,0.004699409
chr13_92311775_92312091_ACC_1,0.0,0.0046788594
chr13_81317694_81317695_AACCCT_1,0.0,0.0046724817
chr13_53010009_53010549_AC_1,0.0,0.004657877
chr13_110283843_110284332_AC_1,0.0,0.0046274425
chr13_90086692_90086807_ACC_1,0.0,0.0046014097
chr13_91725901_91726482_AC_1,0.0,0.0046001566
chr13_68234267_68234718_ACC_1,0.0,0.0045861597
chr13_109659502_109660098_AC_1,0.0,0.004578204
chr13_102858649_102858650_AACCCT_1,0.0,0.004540207
chr13_91166379_91166380_ACATCC_1,0.0,0.004516018
chr13_58840917_58840918_ACACTGTCCACCTCCCACAG_1,0.0,0.0044928524
chr13_64162805_64163422_AC_1,0.0,0.0044833715
chr13_105438653_105438654_ACACTACCC_1,0.0,0.004481151
chr13_28331080_28331513_AC_1,0.0,0.0044808527
chr13_34073095_34074384_AACCCT_1,0.0,0.004464131
chr13_27226888_27226889_ACC_1,0.0,0.0044439514
chr13_58614904_58615467_AC_1,0.0,0.0044015693
chr13_53926778_53927375_AC_1,0.0,0.004366959
chr13_40664497_40664498_AACCCT_1,0.0,0.004352058
chr13_48757318_48758286_AC_1,0.0,0.0042855497
chr13_56833401_56833402_ACCACCCCTGGCTCC_1,0.0,0.0042666597
chr13_41845005_41845346_AC_1,0.0,0.0041983407
chr13_25799195_25799767_AC_1,0.0,0.004180556
chr13_81995466_81995772_AACCCT_1,0.0,0.0041608033
chr13_114913360_114913367_ACACTGCCCACCTCCCACAG_1,0.0,0.004141218
chr13_98389285_98389868_AC_1,0.0,0.0041072625
chr13_56914405_56914406_AACCCT_1,0.0,0.0040910044
chr13_83872231_83873162_AC_1,0.0,0.004029556
chr13_107806569_107807287_AC_1,0.0,0.004020885
chr13_25724219_25724220_ACC_1,0.0,0.0039463923
chr13_105878558_105878559_AAATTTACATGTATAT_1,0.0,0.003921095
chr13_112595998_112596743_AC_1,0.0,0.0038901558
chr13_94617411_94617412_AACCCT_1,0.0,0.0038743124
chr13_85079783_85079784_ACACCCACACCTCAGCG_1,0.0,0.0038711815
chr13_48276050_48276661_AC_1,0.0,0.0038301633
chr13_58665043_58665976_AC_1,0.0,0.0038175646
chr13_74262975_74263215_AACCCT_1,0.0,0.0038096842
chr13_57940274_57940713_ACC_1,0.0,0.0037801992
chr13_98094034_98094035_AATGG_1,0.0,0.0037778441
chr13_109851257_109851669_AT_1,0.0,0.0037566307
chr13_27267525_27268061_AC_1,0.0,0.0037410266
chr13_71484334_71484982_AC_1,0.0,0.0037125333
chr13_49607137_49607138_AACCCT_1,0.0,0.0036975755
chr13_109020884_109021517_AC_1,0.0,0.0036921096
chr13_89337882_89338668_AC_1,0.0,0.0036644533
chr13_19551956_19552613_AC_1,0.0,0.0036445116
chr13_54090647_54091308_AC_1,0.0,0.0036354805
chr13_112593903_112595048_AC_1,0.0,0.0036215822
chr13_108155681_108156287_AC_1,0.0,0.0035972786
chr13_99503196_99503197_AAG_1,0.0,0.0035853789
chr13_111387202_111387910_AC_1,0.0,0.003575563
chr13_40557499_40557500_ACC_1,0.0,0.0035435238
chr13_21990370_21990482_AACCCT_1,0.0,0.003374389
chr13_88473695_88473696_AATGG_1,0.0,0.0033524875
chr13_108378866_108379500_AC_1,0.0,0.003337513
chr13_100673975_100674360_AC_1,0.0,0.003320802
chr13_32110198_32111087_AC_1,0.0,0.003291044
chr13_87591113_87591556_AC_1,0.0,0.0032907436
chr13_50561119_50561120_AACCCT_1,0.0,0.003273544
chr13_76422291_76422479_AGAT_1,0.0,0.003257685
chr13_113053876_113053877_AACCCT_1,0.0,0.0032504993
chr13_64508149_64508860_AC_1,0.0,0.0032274814
chr13_51503628_51503629_AG_1,0.0,0.0032016386
chr13_25979623_25979624_AACCCT_1,0.0,0.0031935286
chr13_113319964_113321449_AC_1,0.0,0.0031513253
chr13_36726807_36727431_AC_1,0.0,0.003142171
chr13_110830050_110830051_AACCCT_1,0.0,0.003108998
chr13_81667679_81668643_AC_1,0.0,0.003070476
chr13_90607042_90607719_AC_1,0.0,0.0030543925
chr13_54497716_54498377_AC_1,0.0,0.0030437126
chr13_52766651_52766652_AAAAT_1,0.0,0.003000144
chr13_57448230_57448279_AC_1,0.0,0.0029897017
chr13_76599174_76599673_AC_1,0.0,0.0029822972
chr13_89411028_89411397_AC_1,0.0,0.0029470662
chr13_41039045_41039046_ACACGGGACGGAGCAGAG_1,0.0,0.002921303
chr13_28059044_28059705_AC_1,0.0,0.002909676
chr13_68848758_68849350_AC_1,0.0,0.0028901468
chr13_47736843_47737073_AC_1,0.0,0.002886719
chr13_70821450_70822036_AC_1,0.0,0.0028626225
chr13_62389667_62390290_AC_1,0.0,0.0028572949
chr13_76113118_76113119_ACCACCACCCCCATC_1,0.0,0.002850106
chr13_67134045_67134294_AC_1,0.0,0.0028495586
chr13_31550160_31550530_AC_1,0.0,0.002846192
chr13_88918424_88919008_AC_1,0.0,0.0028419434
chr13_43193999_43194717_AC_1,0.0,0.002840614
chr13_91354488_91354953_AC_1,0.0,0.0028006074
chr13_51764331_51765059_AC_1,0.0,0.0027937123
chr13_89152095_89152732_AC_1,0.0,0.0027707876
chr13_97839537_97839538_AACCCT_1,0.0,0.0027696416
chr13_35141257_35141874_AC_1,0.0,0.0027431182
chr13_93101675_93101676_AACCCT_1,0.0,0.0027263006
chr13_85837703_85838563_AC_1,0.0,0.0027165352
chr13_102041542_102041543_AATGG_1,0.0,0.002716331
chr13_21418035_21418036_ACCACCATCCTCT_1,0.0,0.0026972832
chr13_98104973_98104974_ACATCC_1,0.0,0.002692152
chr13_85456736_85456737_ACC_1,0.0,0.0026857557
chr13_47072996_47073500_AC_1,0.0,0.0026303125
chr13_49346227_49347018_AC_1,0.0,0.0026281944
chr13_25034016_25035171_ACCCGTGCAGCAGAGCCC_1,1.0,0.0026120995
chr13_70939673_70940351_AC_1,0.0,0.0026040967
chr13_90091215_90091216_AC_1,0.0,0.0026001737
chr13_23301127_23302344_AC_1,0.0,0.0025849456
chr13_54012659_54013179_AC_1,0.0,0.0025809654
chr13_87942537_87943427_AC_1,0.0,0.0025796867
chr13_105376711_105376712_AACCCT_1,0.0,0.0025389607
chr13_27369617_27370232_AC_1,0.0,0.0025080827
chr13_85886421_85886959_AC_1,0.0,0.0024504426
chr13_57230998_57231618_AC_1,0.0,0.0024365715
chr13_20683341_20683342_ACC_1,0.0,0.002415474
chr13_101264605_101265145_AC_1,0.0,0.0024036888
chr13_52477681_52478491_AC_1,0.0,0.002402214
chr13_30910161_30910162_AC_1,0.0,0.0023289432
chr13_53497690_53498233_AC_1,0.0,0.0023083275
chr13_44127064_44127065_ACC_1,0.0,0.0023020587
chr13_34216768_34217639_AC_1,0.0,0.0022823035
chr13_79390597_79390598_AACCCT_1,0.0,0.0022809557
chr13_53335345_53335506_AC_1,0.0,0.0022691619
chr13_38481483_38482144_AC_1,0.0,0.0022590754
chr13_68216149_68216774_AC_1,0.0,0.0022505405
chr13_58450843_58450844_ACC_1,0.0,0.0022439333
chr13_55958648_55959369_AC_1,0.0,0.0022173484
chr13_54933389_54933762_AC_1,0.0,0.0021875654
chr13_27905930_27906624_AC_1,0.0,0.0021767882
chr13_107817941_107818390_AC_1,0.0,0.002150146
chr13_40058583_40058584_AATGG_1,0.0,0.0021379204
chr13_83276349_83276900_AC_1,0.0,0.002099593
chr13_47783939_47783940_AACCTCCTCCTCACTGC_1,0.0,0.002080049
chr13_77272320_77272929_AC_1,0.0,0.0020660313
chr13_92818927_92819475_AC_1,0.0,0.002050404
chr13_97884698_97885230_AC_1,0.0,0.0020304644
chr13_22268730_22269550_AC_1,0.0,0.0020287356
chr13_98742262_98742613_AC_1,0.0,0.0020109573
chr13_25034016_25035171_ACCCATGCAGCAGAGCCC_1,1.0,0.0020022392
chr13_112095176_112095899_AC_1,0.0,0.001997549
chr13_108480625_108481177_AC_1,0.0,0.0019772302
chr13_19509481_19510416_AC_1,0.0,0.0019765473
chr13_22325123_22325124_ACC_1,0.0,0.0019761822
chr13_48874746_48875228_AC_1,0.0,0.0019685118
chr13_94364509_94364510_AACCCT_1,0.0,0.0019414363
chr13_80055903_80055904_AACCCT_1,0.0,0.0018906
chr13_41634581_41635421_CCG_1,1.0,0.0018752614
chr13_106776880_106777504_AC_1,0.0,0.001858067
chr13_107986393_107986394_AACCCT_1,0.0,0.0018482095
chr13_62374788_62374789_AACCCT_1,0.0,0.0018480319
chr13_59899109_59899528_AC_1,0.0,0.001842292
chr13_110345065_110345485_AC_1,0.0,0.0018319809
chr13_97340520_97340521_ACACACCTCACCCTCCT_1,0.0,0.0018292153
chr13_74634363_74634863_AC_1,0.0,0.0018218457
chr13_64762378_64762379_ACC_1,0.0,0.0018056862
chr13_59137541_59137921_ACC_1,0.0,0.0017911531
chr13_89765513_89766052_AC_1,0.0,0.0017897383
chr13_78982461_78982462_AACCCT_1,0.0,0.0017536242
chr13_67087554_67087555_AACCCT_1,0.0,0.0017065193
chr13_23029563_23030312_AC_1,0.0,0.0016643291
chr13_95447907_95448723_AC_1,0.0,0.0015931027
chr13_107138279_107139718_AC_1,0.0,0.0015729744
chr13_95420214_95420681_AC_1,0.0,0.0015518479
chr13_85344388_85344900_AC_1,0.0,0.001536768
chr13_114842522_114842523_AAGGAGGGAGAGGATG_1,0.0,0.0015169011
chr13_37012913_37012914_ACC_1,0.0,0.0014956504
chr13_42838958_42838959_ACC_1,0.0,0.0014851707
chr13_65380288_65380289_AAGAGGTGATAGTATT_1,0.0,0.0014794271
chr13_57950974_57950975_AACCCT_1,0.0,0.0014683435
chr13_113977166_113977167_ACC_1,0.0,0.0013809509
chr13_53539603_53540197_AC_1,0.0,0.0013516962
chr13_93040661_93040662_AGGGG_1,0.0,0.0013332277
chr13_56968806_56968807_AACCCT_1,0.0,0.001311157
chr13_42961329_42962101_AC_1,0.0,0.0012370411
chr13_43416792_43416793_AACCCT_1,0.0,0.0011736394
chr13_21044401_21044402_AACCCT_1,0.0,0.0011337418
chr13_55470596_55470597_AACCCT_1,0.0,0.0011143134
chr13_85002813_85003557_AC_1,0.0,0.0009593775
chr13_70656147_70656767_AC_1,0.0,0.00094309525
chr13_33076589_33076590_AAGGTATGGGTGTGG_1,0.0,0.00092266354
chr13_76994348_76994349_AACCCT_1,0.0,0.00089862617
chr13_113885997_113886714_ACC_1,0.0,0.00089175825
chr13_78798917_78798920_AACCCT_1,0.0,0.00088084326
chr13_39943051_39943984_AAGG_1,0.0,0.0008776882
chr13_33855200_33855696_AC_1,0.0,0.0008764756
chr13_104582484_104582485_ACC_1,0.0,0.00087522366
chr13_72711405_72712208_AC_1,0.0,0.0008692754
chr13_99656666_99657200_AC_1,0.0,0.00085904304
chr13_58341221_58341873_AC_1,0.0,0.00085705786
chr13_113558005_113558939_AACCCT_1,0.0,0.0008547604
chr13_59778814_59779316_AC_1,0.0,0.0008399528
chr13_100520663_100520664_ACC_1,0.0,0.0008178549
chr13_26259089_26259090_AAAGGCTGGAGGGGTCGGG_1,0.0,0.0008157433
chr13_84832616_84833288_AC_1,0.0,0.00080517697
chr13_22695935_22696497_AC_1,0.0,0.00080029294
chr13_21099868_21099869_AACCCT_1,0.0,0.0007775835
chr13_102408314_102408315_AACCCT_1,0.0,0.0007573042
chr13_34060527_34060528_AACCCT_1,0.0,0.00074035954
chr13_69967841_69967842_AACCCT_1,0.0,0.00071953953
chr13_106104994_106104995_ACGGAGAGAGAGGAG_1,0.0,0.000707674
chr13_95366734_95366930_AC_1,0.0,0.0007074818
chr13_100476591_100476757_AACCCT_1,0.0,0.0007009506
chr13_51714798_51715634_AC_1,0.0,0.00063771434
chr13_32331933_32331934_AACCCT_1,0.0,0.0005849141
chr13_105300203_105300597_AC_1,0.0,0.0005617914
chr13_32903130_32903131_AC_1,0.0,0.0005354625
chr13_89734363_89734364_AACCCT_1,0.0,0.000520328
chr13_50715797_50716025_ACC_1,0.0,0.00050018093
chr13_102372707_102373094_AC_1,0.0,0.00048439385
chr13_100920911_100920912_AATG_1,0.0,0.00047889468
chr13_32338328_32338329_ACACACCTCACCCTCCT_1,0.0,0.00047640555
chr13_101703804_101703805_AACCCT_1,0.0,0.0004631637
chr13_42893637_42894420_AC_1,0.0,0.00045826
chr13_25029301_25029302_AACCCT_1,0.0,0.00040577838
chr13_70712854_70714084_CCG_1,1.0,0.00039603593
chr13_63758255_63758256_AC_1,0.0,0.00038212922
chr13_109518788_109518789_AACCCT_1,0.0,0.00037235112
chr13_103945860_103946418_AC_1,0.0,0.00036860877
chr13_100603030_100603822_AC_1,0.0,0.0003205503
chr13_38210535_38210536_AAGG_1,0.0,0.0003046609
chr13_37445842_37445843_AACCCT_1,0.0,0.00030329623
chr13_21478288_21479035_AC_1,0.0,0.00028639336
chr13_59278445_59278446_AACCCT_1,0.0,0.00028547764
chr13_52437667_52437668_ACACACCTCACCCACCT_1,0.0,0.0002789951
chr13_34188040_34188784_AC_1,0.0,0.00026083147
chr13_22782740_22783336_AC_1,0.0,0.00025779617
chr13_104790252_104790253_ACACACCTCACCCTCCT_1,0.0,0.00024528458
chr13_81563191_81563192_AACCCT_1,0.0,0.00023403896
chr13_80513568_80514219_AC_1,0.0,0.00020312676
chr13_70712854_70714084_AGC_1,1.0,0.00018913636
chr13_107942193_107942194_ACATCC_1,0.0,0.0001882686
chr13_65973058_65973059_AC_1,0.0,0.00018370328
chr13_101557692_101557994_ACC_1,0.0,0.00015890812
chr13_47326904_47327878_AC_1,0.0,0.00015806909
chr13_77550624_77550625_AATGG_1,0.0,0.00015696707
chr13_71709526_71709972_AC_1,0.0,0.00014842648
chr13_114599023_114599024_AC_1,0.0,0.00014315432
chr13_96233812_96233813_AACCCT_1,0.0,0.00011419772
chr13_95481581_95481582_ACAGGGTGCTGATGAGG_1,0.0,0.00011395969
chr13_71714872_71715472_AC_1,0.0,0.000109335386
chr13_74671631_74671632_AC_1,0.0,0.000103397
chr13_74637549_74637550_AACCCT_1,0.0,7.0858405e-05
chr13_31378854_31379442_AC_1,0.0,6.236651e-05
chr13_64778302_64778303_AATGG_1,0.0,6.0429593e-05
chr13_97217008_97217009_ACACTGTCCACCTCCCACAG_1,0.0,3.209859e-05
chr13_112764331_112764422_ACC_1,0.0,1.32501145e-05
chr13_30650389_30650390_AATGG_1,0.0,7.3954857e-06
